{"r2_score": 0.9321644206432548, "coefficients": {"Qualifying Position": -7.017537821373364, "Number of Overtakes": 1.903883679216501, "Pit Stops": -1.635069162600525, "Fastest Lap Bonus": 0.23572322196892825}, "intercept": 15.889429545818665}