{"r2_score": 0.8419397849914236, "coefficient": 0.7029528455367596, "intercept": 3.4009328164706187}